INSERT INTO cliente (id, apellidos, password , correo_electronico, nombre, admin, username) VALUES (100, 'Naranjo', '{bcrypt}$2a$10$bofV6kNXT3YhHSv.XaW9neIjKIes8QbjSRyPmSV2p/jIzf2bjppRi', 'angelNaranjo@gmail.com', 'Angel', false, 'user');
INSERT INTO cliente (id, apellidos, password , correo_electronico, nombre, admin, username) VALUES (101, 'Molina', '{bcrypt}$2a$10$bofV6kNXT3YhHSv.XaW9neIjKIes8QbjSRyPmSV2p/jIzf2bjppRi', 'molina@gmail.com', 'Lolo', True, 'admin');
INSERT INTO editorial (id, direccion, email, nombre, tlf) VALUES (1, 'C/falsa 1234', 'norma@gmail.com', 'Norma', '959546741');
INSERT INTO editorial (id, direccion, email, nombre, tlf) VALUES (2, 'C/falsa 1235', 'malditoGames@gmail.com', 'Maldito Games', '959546741');
INSERT INTO editorial (id, direccion, email, nombre, tlf) VALUES (3, 'C/falsa 1235', 'vertigo@gmail.com', 'Vertigo', '959546741');
INSERT INTO editorial (id, direccion, email, nombre, tlf) VALUES (4, 'C/falsa 1235', 'DC@gmail.com', 'DC', '959546741');
INSERT INTO editorial (id, direccion, email, nombre, tlf) VALUES (5, 'C/falsa 1235', 'nosoloRolGames@gmail.com', 'NosoloRol', '959546741');
INSERT INTO producto (id, img, precio_unidad, stock, editorial_id, titulo) VALUES (1, 'https://hablandodecomics.files.wordpress.com/2011/09/portada-batman-50-planeta-morrison.jpg', 20, 20, 1, 'Batman');
INSERT INTO comic (guionista, ilustrador, sinopsis, id) VALUES ('Paco', 'Luis', 'Un comic muy guay', 1);
INSERT INTO producto (id, img, precio_unidad, stock, editorial_id, titulo) VALUES (2, 'https://www.tiendascosmic.com/imagenes/comics/lacosadelpantano14_01g.jpg', 10, 20, 1, 'The Swanp');
INSERT INTO comic (guionista, ilustrador, sinopsis, id) VALUES ('Paco', 'Luis', 'Un comic muy guay', 2);
INSERT INTO producto (id, img, precio_unidad, stock, editorial_id, titulo) VALUES (3, 'https://www.goldengoblingames.com/media/catalog/product/cache/cfae4e09283942a26059feb86e746738/r/o/rox-402-th-01.jpg', 40.50, 30, 2, 'Brass');
INSERT INTO juego_mesa (descripcion, n_jugadores_max, n_jugadores_min, tipo, id) VALUES ('Demuestra la capacidad de control y dominio que tienes sobre tus posesiones y vence en este gran juego de estrategia', 2, 5, 'Gestión de recursos', 3);
INSERT INTO producto (id, img, precio_unidad, stock, editorial_id, titulo) VALUES (4, 'https://content.eccediciones.com/productos/5065/Vertigo_02_Sandman_01_cover_DEF.jpg', 10, 20.10, 3, 'The Swanp');
INSERT INTO comic (guionista, ilustrador, sinopsis, id) VALUES ('Paco', 'Luis', 'Un comic muy guay', 4);
INSERT INTO producto (id, img, precio_unidad, stock, editorial_id, titulo) VALUES (5, 'https://sm.ign.com/ign_es/gallery/t/the-batman/the-batman-march-comics-variant-covers-gallery_996h.jpg', 20, 30, 4, 'Batman');
INSERT INTO comic (guionista, ilustrador, sinopsis, id) VALUES ('Paco', 'Luis', 'Un comic muy guay', 5);
INSERT INTO producto (id, img, precio_unidad, stock, editorial_id, titulo) VALUES (6, 'https://www.gamereactor.es/media/45/yadisponiblela_3884543.jpg', 40.50, 30, 5, 'D&D');
INSERT INTO juego_mesa (descripcion, n_jugadores_max, n_jugadores_min, tipo, id) VALUES ('Demuestra la capacidad de control y dominio que tienes sobre tus posesiones y vence en este gran juego de estrategia', 2, 5, 'Gestión de recursos', 6);
INSERT INTO producto (id, img, precio_unidad, stock, editorial_id, titulo) VALUES (7, 'https://m.media-amazon.com/images/I/91NwL6VMnXS._AC_SL1500_.jpg', 40.50, 10, 2, 'Zombicide');
INSERT INTO juego_mesa (descripcion, n_jugadores_max, n_jugadores_min, tipo, id) VALUES ('Demuestra la capacidad de control y dominio que tienes sobre tus posesiones y vence en este gran juego de estrategia', 2, 5, 'Gestión de recursos', 7);
INSERT INTO producto (id, img, precio_unidad, stock, editorial_id, titulo) VALUES (8, 'https://media.zacatrus.com/catalog/product/cache/f22f70ef8ee260256901b557cf6bf49a/j/u/juego-vientos-guerra.jpg', 40.50, 10, 2, 'Señor de los anillos');
INSERT INTO juego_mesa (descripcion, n_jugadores_max, n_jugadores_min, tipo, id) VALUES ('Demuestra la capacidad de control y dominio que tienes sobre tus posesiones y vence en este gran juego de estrategia', 2, 5, 'Gestión de recursos', 8);
INSERT INTO producto (id, img, precio_unidad, stock, editorial_id, titulo) VALUES (9, 'https://cdn.grupoelcorteingles.es/SGFM/dctm/MEDIA03/202008/26/00106580177969____3__640x640.jpg', 10, 20, 1, 'V de Vendetta');
INSERT INTO comic (guionista, ilustrador, sinopsis, id) VALUES ('Paco', 'Luis', 'Un comic muy guay', 9);
INSERT INTO producto (id, img, precio_unidad, stock, editorial_id, titulo) VALUES (10, 'https://m.media-amazon.com/images/I/91bH6r4M5XL.jpg', 10, 20, 1, 'Maus');
INSERT INTO comic (guionista, ilustrador, sinopsis, id) VALUES ('Paco', 'Luis', 'Un comic muy guay', 10);
INSERT INTO producto (id, img, precio_unidad, stock, editorial_id, titulo) VALUES (11, 'http://cdn.shopify.com/s/files/1/0354/4688/2440/products/15cb0766-9cc9-4c96-8a13-61e9db8be718.png?v=1598024823', 40.50, 30, 2, 'Wharhammer rol fantasy');
INSERT INTO juego_mesa (descripcion, n_jugadores_max, n_jugadores_min, tipo, id) VALUES ('Demuestra la capacidad de control y dominio que tienes sobre tus posesiones y vence en este gran juego de estrategia', 2, 10, 'Gestión de recursos', 11);
INSERT INTO producto (id, img, precio_unidad, stock, editorial_id, titulo) VALUES (12, 'https://m.media-amazon.com/images/I/915r7CzlwxL._AC_SL1500_.jpg', 40.50, 30, 2, 'Monopoly');
INSERT INTO juego_mesa (descripcion, n_jugadores_max, n_jugadores_min, tipo, id) VALUES ('Demuestra la capacidad de control y dominio que tienes sobre tus posesiones y vence en este gran juego de estrategia', 2, 10, 'Gestión de recursos', 12);
INSERT INTO producto (id, img, precio_unidad, stock, editorial_id, titulo) VALUES (13, 'https://m.media-amazon.com/images/I/81qNLMlPbTL._AC_SX425_.jpg', 40.50, 30, 2, 'Azul');
INSERT INTO juego_mesa (descripcion, n_jugadores_max, n_jugadores_min, tipo, id) VALUES ('Demuestra la capacidad de control y dominio que tienes sobre tus posesiones y vence en este gran juego de estrategia', 2, 10, 'Gestión de recursos', 13);
INSERT INTO producto (id, img, precio_unidad, stock, editorial_id, titulo) VALUES (14, 'https://www.normaeditorial.com/upload/media/albumes/0001/04/8f14e875a6265f55045220e6e691aa23faf1e137.jpeg', 10, 20, 1, 'Sin City');
INSERT INTO comic (guionista, ilustrador, sinopsis, id) VALUES ('Paco', 'Luis', 'Un comic muy guay', 14);
INSERT INTO producto (id, img, precio_unidad, stock, editorial_id, titulo) VALUES (15, 'https://m.media-amazon.com/images/I/81eJ68TVoEL.jpg', 10, 20, 1, 'Hellboy');
INSERT INTO comic (guionista, ilustrador, sinopsis, id) VALUES ('Paco', 'Luis', 'Un comic muy guay', 15);

ALTER SEQUENCE hibernate_sequence RESTART WITH 1000;